name,company_number,town,postcode,account_category,size_score,size_band,sectors,website
3Ab Care Limited,06500143,Bristol,BS37,GROUP,100,large,education_training|health_care,https://find-and-update.company-information.service.gov.uk/company/06500143
A D Burs Limited,03059307,Gloucester,GL2,GROUP,100,large,health_care|aerospace_manufacturing,https://find-and-update.company-information.service.gov.uk/company/03059307
Abec (Group) Ltd,13152619,Tewkesbury,GL20,GROUP,100,large,construction_green|business_professional,https://find-and-update.company-information.service.gov.uk/company/13152619
Aceo Limited,03836436,Westbury-On-Severn,GL14,GROUP,100,large,hospitality_tourism|hospitality_retail|agri_tech_food,https://find-and-update.company-information.service.gov.uk/company/03836436
Alastair Sawday Publishing Co. Ltd,02812527,Bristol,BS1,GROUP,100,large,business_professional,https://find-and-update.company-information.service.gov.uk/company/02812527
Alder King Llp,OC306796,Clifton,BS8,GROUP,100,large,business_professional,https://find-and-update.company-information.service.gov.uk/company/OC306796
Allstone Sands Gravels Aggregates Trading Co. Ltd.,01768403,Gloucester,GL1,GROUP,100,large,business_professional,https://find-and-update.company-information.service.gov.uk/company/01768403
Anderbury Limited,02468075,Cheltenham,GL51,GROUP,100,large,hospitality_tourism,https://find-and-update.company-information.service.gov.uk/company/02468075
Andrews & Partners Limited,00235326,Bristol,BS31,GROUP,100,large,business_professional,https://find-and-update.company-information.service.gov.uk/company/00235326
Andrews Charitable Trust,10961227,Bristol,BS31,GROUP,100,large,business_professional,https://find-and-update.company-information.service.gov.uk/company/10961227
Anstee & Ware Group Limited,06001154,Stonehouse,GL10,GROUP,100,large,construction_green,https://find-and-update.company-information.service.gov.uk/company/06001154
Archives And Records Association (UK And Ireland),02969472,Bristol,BS1,GROUP,100,large,construction_green,https://find-and-update.company-information.service.gov.uk/company/02969472
Archus Holdco Limited,14874608,Redcliffe,BS1,GROUP,100,large,business_professional,https://find-and-update.company-information.service.gov.uk/company/14874608
Asb Leisure Limited,11582610,Gloucester,GL1,GROUP,100,large,hospitality_retail,https://find-and-update.company-information.service.gov.uk/company/11582610
Ashfield Land Limited,04363855,Bristol,BS8,GROUP,100,large,business_professional,https://find-and-update.company-information.service.gov.uk/company/04363855
Atlantic Group International Limited,10327334,Bristol,BS8,GROUP,100,large,business_professional,https://find-and-update.company-information.service.gov.uk/company/10327334
Aurem Care (Bidco) Limited,13734254,Cheltenham,GL50,GROUP,100,large,health_care,https://find-and-update.company-information.service.gov.uk/company/13734254
Aurem Care Group Limited,13732569,Cheltenham,GL50,GROUP,100,large,health_care,https://find-and-update.company-information.service.gov.uk/company/13732569
Autograph Homes Limited,10421422,Bristol,BS36,GROUP,100,large,construction_green,https://find-and-update.company-information.service.gov.uk/company/10421422
Avon Wildlife Trust,01495108,Bristol,BS39,GROUP,100,large,business_professional,https://find-and-update.company-information.service.gov.uk/company/01495108
B T Q Limited,01966114,Yate,BS37,GROUP,100,large,construction_green|aerospace_manufacturing,https://find-and-update.company-information.service.gov.uk/company/01966114
Babington Business Limited,07077954,Bristol,BS8,GROUP,100,large,education_training,https://find-and-update.company-information.service.gov.uk/company/07077954
Backhouse Opportunities Limited,11639844,Bristol,BS2,GROUP,100,large,construction_green,https://find-and-update.company-information.service.gov.uk/company/11639844
Badminton School Limited,00257012,Bristol,BS9,GROUP,100,large,education_training,https://find-and-update.company-information.service.gov.uk/company/00257012
Bakers Coaches Limited,03635902,Weston-Super-Mare,BS23,GROUP,100,large,creative_events,https://find-and-update.company-information.service.gov.uk/company/03635902
Bamford Collection Limited,03064811,Moreton-In-Marsh,GL56,GROUP,100,large,business_professional,https://find-and-update.company-information.service.gov.uk/company/03064811
Banyan Software UK Limited,13660231,Bristol,BS13,GROUP,100,large,cyber_digital,https://find-and-update.company-information.service.gov.uk/company/13660231
Barnwood Group Limited,03360908,Gloucestershire,GL4,GROUP,100,large,construction_green,https://find-and-update.company-information.service.gov.uk/company/03360908
Bartletts Transport And Warehouses Limited,02791270,Bristol,BS39,GROUP,100,large,business_professional,https://find-and-update.company-information.service.gov.uk/company/02791270
Barworks Limited,03794021,Gloucester,GL2,GROUP,100,large,business_professional,https://find-and-update.company-information.service.gov.uk/company/03794021
Belltown Power UK Wind Limited,12479510,Bristol,BS1,GROUP,100,large,construction_green,https://find-and-update.company-information.service.gov.uk/company/12479510
Bence Roofing Supplies Limited,08723834,Cheltenham,GL52,GROUP,100,large,hospitality_retail,https://find-and-update.company-information.service.gov.uk/company/08723834
Benefact Trust Limited,01043742,Gloucester,GL3,GROUP,100,large,business_professional,https://find-and-update.company-information.service.gov.uk/company/01043742
Berkhampstead School (Cheltenham) Trust Limited,01136229,Cheltenham,GL52,GROUP,100,large,education_training,https://find-and-update.company-information.service.gov.uk/company/01136229
Bf Inter Ltd,10369765,Cheltenham,GL53,GROUP,100,large,business_professional,https://find-and-update.company-information.service.gov.uk/company/10369765
Blu Wireless Technology Limited,06855929,Bristol,BS2,GROUP,100,large,cyber_digital|aerospace_manufacturing,https://find-and-update.company-information.service.gov.uk/company/06855929
Bluefield Services Limited,09535914,Bristol,BS1,GROUP,100,large,business_professional,https://find-and-update.company-information.service.gov.uk/company/09535914
Bodywise (UK) Limited,02379973,Bristol,BS32,GROUP,100,large,aerospace_manufacturing,https://find-and-update.company-information.service.gov.uk/company/02379973
Bowmoor Topco Limited,11250968,Cheltenham,GL54,GROUP,100,large,health_care|aerospace_manufacturing,https://find-and-update.company-information.service.gov.uk/company/11250968
Bowson Group Ltd,11700797,Cinderford,GL14,GROUP,100,large,hospitality_retail,https://find-and-update.company-information.service.gov.uk/company/11700797
Brewhouse & Kitchen Limited,07769260,Woodchester,GL5,GROUP,100,large,hospitality_tourism,https://find-and-update.company-information.service.gov.uk/company/07769260
Bristol Aero Collection Trust,02689238,Bristol,BS34,GROUP,100,large,agri_tech_food|creative_events,https://find-and-update.company-information.service.gov.uk/company/02689238
Bristol Folk House,11752084,Bristol,BS1,GROUP,100,large,business_professional,https://find-and-update.company-information.service.gov.uk/company/11752084
Bristol Grammar School,05142007,Bristol,BS8,GROUP,100,large,education_training,https://find-and-update.company-information.service.gov.uk/company/05142007
Bristol Music Trust,07531978,Bristol,BS1,GROUP,100,large,education_training|hospitality_tourism|agri_tech_food,https://find-and-update.company-information.service.gov.uk/company/07531978
Bristol Old Vic And Theatre Royal Trust Limited,00756007,Bristol,BS1,GROUP,100,large,creative_events,https://find-and-update.company-information.service.gov.uk/company/00756007
Bristol Old Vic Theatre School Limited,02430025,Bristol,BS8,GROUP,100,large,education_training|creative_events,https://find-and-update.company-information.service.gov.uk/company/02430025
Bristol Rovers (1883) Limited,04501223,Bristol,BS7,GROUP,100,large,creative_events,https://find-and-update.company-information.service.gov.uk/company/04501223
Bristol Rugby Club Limited,03601031,Bristol,BS3,GROUP,100,large,creative_events,https://find-and-update.company-information.service.gov.uk/company/03601031
Bristol Sport Limited,07881103,Bristol,BS3,GROUP,100,large,creative_events,https://find-and-update.company-information.service.gov.uk/company/07881103
"Bristol, Clifton And West Of England Zoological Society Limited",05154176,Bristol,BS10,GROUP,100,large,agri_tech_food|creative_events,https://find-and-update.company-information.service.gov.uk/company/05154176
Brsk Limited,12792126,Tewkesbury,GL20,GROUP,100,large,business_professional,https://find-and-update.company-information.service.gov.uk/company/12792126
Brunel Wind Limited,05836426,Bristol,BS1,GROUP,100,large,construction_green|business_professional,https://find-and-update.company-information.service.gov.uk/company/05836426
Burges Salmon Llp,OC307212,Bristol,BS2,GROUP,100,large,business_professional,https://find-and-update.company-information.service.gov.uk/company/OC307212
Cabot Learning Federation,06207590,Bristol,BS15,GROUP,100,large,education_training|hospitality_tourism,https://find-and-update.company-information.service.gov.uk/company/06207590
Calcot Health & Leisure Company Limited,04113929,Gloucestershire,GL8,GROUP,100,large,hospitality_tourism|creative_events,https://find-and-update.company-information.service.gov.uk/company/04113929
Caledonia Tlg Bidco Limited,10246125,Wrington,BS40,GROUP,100,large,business_professional,https://find-and-update.company-information.service.gov.uk/company/10246125
Camargue Group Limited,03954008,Gloucestershire,GL50,GROUP,100,large,agri_tech_food|business_professional,https://find-and-update.company-information.service.gov.uk/company/03954008
Campden Bri,00510618,Gloucestershire,GL55,GROUP,100,large,construction_green,https://find-and-update.company-information.service.gov.uk/company/00510618
Capfun UK Limited,14334815,Gloucester,GL2,GROUP,100,large,hospitality_tourism,https://find-and-update.company-information.service.gov.uk/company/14334815
Castellum Consortium Ltd,08389791,Stonehouse,GL10,GROUP,100,large,construction_green,https://find-and-update.company-information.service.gov.uk/company/08389791
Cedar Care Homes Limited,03585946,Bristol,BS8,GROUP,100,large,health_care,https://find-and-update.company-information.service.gov.uk/company/03585946
Centre For Sustainable Energy,02219673,Bristol,BS1,GROUP,100,large,business_professional,https://find-and-update.company-information.service.gov.uk/company/02219673
Ceres Estates Limited,00627176,Cheltenham,GL53,GROUP,100,large,business_professional,https://find-and-update.company-information.service.gov.uk/company/00627176
Cheltenham Borough Homes Limited,04587658,Cheltenham,GL50,GROUP,100,large,business_professional,https://find-and-update.company-information.service.gov.uk/company/04587658
Cheltenham Lido Limited,03128079,Cheltenham,GL53,GROUP,100,large,agri_tech_food|creative_events,https://find-and-update.company-information.service.gov.uk/company/03128079
Children'S Scrapstore,02624238,Bristol,BS2,GROUP,100,large,creative_events,https://find-and-update.company-information.service.gov.uk/company/02624238
Chipping Campden School,07680770,Chipping Campden,GL55,GROUP,100,large,education_training,https://find-and-update.company-information.service.gov.uk/company/07680770
Circadian Trust,05384234,Bristol,BS32,GROUP,100,large,creative_events,https://find-and-update.company-information.service.gov.uk/company/05384234
Clade Engineering Systems Group Ltd,09010645,Bristol,BS16,GROUP,100,large,aerospace_manufacturing,https://find-and-update.company-information.service.gov.uk/company/09010645
Clark Insurance UK Ltd,07279489,Bristol,BS32,GROUP,100,large,business_professional,https://find-and-update.company-information.service.gov.uk/company/07279489
Clean Topco Limited,11844792,Bristol,BS13,GROUP,100,large,aerospace_manufacturing,https://find-and-update.company-information.service.gov.uk/company/11844792
Cleeve School,07633215,Cheltenham,GL52,GROUP,100,large,education_training,https://find-and-update.company-information.service.gov.uk/company/07633215
Clic Sargent Cancer Care For Children,05273638,Bristol,BS1,GROUP,100,large,health_care|hospitality_tourism,https://find-and-update.company-information.service.gov.uk/company/05273638
Click Topco Limited,14716298,Bristol,BS2,GROUP,100,large,business_professional,https://find-and-update.company-information.service.gov.uk/company/14716298
Clifton Asset Management Limited,07206291,Bristol,BS20,GROUP,100,large,cyber_digital|business_professional,https://find-and-update.company-information.service.gov.uk/company/07206291
Clifton High School,00011701,Bristol,BS8,GROUP,100,large,education_training,https://find-and-update.company-information.service.gov.uk/company/00011701
Commercial Corporate Services Limited,07531759,Cheltenham,GL53,GROUP,100,large,business_professional,https://find-and-update.company-information.service.gov.uk/company/07531759
Corinium Education Trust,07524811,Cirencester,GL7,GROUP,100,large,education_training,https://find-and-update.company-information.service.gov.uk/company/07524811
Cotswold Lakes Trust,05504806,Cirencester,GL7,GROUP,100,large,education_training|hospitality_tourism,https://find-and-update.company-information.service.gov.uk/company/05504806
Crest Experiences Limited,10586504,Bristol,BS2,GROUP,100,large,creative_events,https://find-and-update.company-information.service.gov.uk/company/10586504
Crest Group Limited,10150585,Bristol,BS4,GROUP,100,large,hospitality_tourism,https://find-and-update.company-information.service.gov.uk/company/10150585
Cripps Barn Group Limited,06521845,Cirencester,GL7,GROUP,100,large,cyber_digital|hospitality_tourism,https://find-and-update.company-information.service.gov.uk/company/06521845
Crux Product Design Ltd,04893244,Bristol,BS4,GROUP,100,large,construction_green,https://find-and-update.company-information.service.gov.uk/company/04893244
Cullen Group Limited,03483672,Dursley,GL11,GROUP,100,large,business_professional,https://find-and-update.company-information.service.gov.uk/company/03483672
Dairy Partners Limited,02900999,Stonehouse,GL10,GROUP,100,large,agri_tech_food,https://find-and-update.company-information.service.gov.uk/company/02900999
Danco International Limited,01232376,"Coalpit Heath,",BS36,GROUP,100,large,aerospace_manufacturing,https://find-and-update.company-information.service.gov.uk/company/01232376
Deca Group Limited,15966270,Tewkesbury,GL20,GROUP,100,large,business_professional,https://find-and-update.company-information.service.gov.uk/company/15966270
Downs School (Charlton House) Limited(The),01072074,Bristol,BS48,GROUP,100,large,education_training,https://find-and-update.company-information.service.gov.uk/company/01072074
"Dudbridge Estates,Limited(The)",00282575,Stonehouse,GL10,GROUP,100,large,business_professional,https://find-and-update.company-information.service.gov.uk/company/00282575
Dycem Limited,03239439,Bristol,BS2,GROUP,100,large,aerospace_manufacturing,https://find-and-update.company-information.service.gov.uk/company/03239439
Earnz PLC,10114644,Cheltenham,GL50,GROUP,100,large,business_professional,https://find-and-update.company-information.service.gov.uk/company/10114644
Ecclesiastical Insurance Office Public Limited Company,00024869,Gloucester,GL3,GROUP,100,large,business_professional,https://find-and-update.company-information.service.gov.uk/company/00024869
Ecotricity Solar (Borrower) Limited,12473398,Stroud,GL5,GROUP,100,large,construction_green,https://find-and-update.company-information.service.gov.uk/company/12473398
Elmbridge Pump Company Ltd,08474330,Gloucester,GL2,GROUP,100,large,aerospace_manufacturing,https://find-and-update.company-information.service.gov.uk/company/08474330
Empiric Student Property Limited,08886906,Bristol,BS2,GROUP,100,large,business_professional,https://find-and-update.company-information.service.gov.uk/company/08886906
Energy Transition Group Ltd,08862063,Redcliffe,BS1,GROUP,100,large,hospitality_retail,https://find-and-update.company-information.service.gov.uk/company/08862063
Envelop Risk Analytics Limited,10531277,Bristol,BS1,GROUP,100,large,cyber_digital|business_professional,https://find-and-update.company-information.service.gov.uk/company/10531277
Equilibrium Industries Limited,07445549,Bristol,BS30,GROUP,100,large,aerospace_manufacturing,https://find-and-update.company-information.service.gov.uk/company/07445549
Et Ceteris Limited,08432677,Bristol,BS48,GROUP,100,large,business_professional,https://find-and-update.company-information.service.gov.uk/company/08432677
Everoze Partners Limited,09588207,Bristol,BS1,GROUP,100,large,business_professional,https://find-and-update.company-information.service.gov.uk/company/09588207
Evgh Limited,07397371,Gloucester,GL2,GROUP,100,large,construction_green,https://find-and-update.company-information.service.gov.uk/company/07397371
Exe Capital Management Limited,14374117,Cirencester,GL7,GROUP,100,large,business_professional,https://find-and-update.company-information.service.gov.uk/company/14374117
Farmers First Limited,03945957,Bristol,BS2,GROUP,100,large,construction_green|business_professional,https://find-and-update.company-information.service.gov.uk/company/03945957
Fintellect Limited,02610855,Moreton-In-Marsh,GL56,GROUP,100,large,agri_tech_food|business_professional,https://find-and-update.company-information.service.gov.uk/company/02610855
Forest Of Dean Railway Limited,01714404,Lydney,GL15,GROUP,100,large,creative_events,https://find-and-update.company-information.service.gov.uk/company/01714404
Friends Of Westonbirt Arboretum,04965522,Arboretum Tetbury,GL8,GROUP,100,large,business_professional,https://find-and-update.company-information.service.gov.uk/company/04965522
George Bence & Sons Limited,00062473,Cheltenham,GL52,GROUP,100,large,hospitality_retail,https://find-and-update.company-information.service.gov.uk/company/00062473
Gloucester Diocesan Board Of Finance,00162165,Gloucester,GL1,GROUP,100,large,business_professional,https://find-and-update.company-information.service.gov.uk/company/00162165
Gloucestershire Everyman Theatre Company Limited,00650220,Gloucestershire,GL50,GROUP,100,large,creative_events,https://find-and-update.company-information.service.gov.uk/company/00650220
Gloucestershire Wildlife Trust,00708575,Gloucester,GL4,GROUP,100,large,business_professional,https://find-and-update.company-information.service.gov.uk/company/00708575
Hercules PLC,06607001,Cirencester,GL7,GROUP,100,large,construction_green,https://find-and-update.company-information.service.gov.uk/company/06607001
Hollingsworth And Vose Company (U.K.) Limited,01664523,Cheltenham,GL54,GROUP,100,large,aerospace_manufacturing,https://find-and-update.company-information.service.gov.uk/company/01664523
Howard Tenens Limited,06690158,Stroud,GL5,GROUP,100,large,business_professional,https://find-and-update.company-information.service.gov.uk/company/06690158
Huntington House (Hldgs) Ltd,09269713,Cheltenham,GL50,GROUP,100,large,health_care,https://find-and-update.company-information.service.gov.uk/company/09269713
Ibidem Capital Limited,08132942,Cheltenham,GL50,GROUP,100,large,cyber_digital,https://find-and-update.company-information.service.gov.uk/company/08132942
Innova Capital Limited,09697757,Cheltenham,GL50,GROUP,100,large,business_professional,https://find-and-update.company-information.service.gov.uk/company/09697757
Innova Renewables Limited,12092691,Cheltenham,GL50,GROUP,100,large,construction_green,https://find-and-update.company-information.service.gov.uk/company/12092691
Insuco Intl Limited,06963518,Moreton-In-Marsh,GL56,GROUP,100,large,business_professional,https://find-and-update.company-information.service.gov.uk/company/06963518
Jammac Care Group Limited,11134019,Stroud,GL5,GROUP,100,large,health_care,https://find-and-update.company-information.service.gov.uk/company/11134019
