opportunity_id,company_id,title,entry_route,level,role_family,description,typical_quals,useful_projects,application_tips
OPP001,GLC001,Engineering Apprenticeship,apprenticeship,Level 3-6,engineer_ops,"Design manufacture and test precision measurement systems.","GCSEs incl Maths English; A-levels/BTEC Engineering or Physics helpful","CAD mini-project; Arduino/sensor build; STEM competition","Apply early; show practical STEM evidence"
OPP002,GLC001,Graduate Software / Engineering,graduate,Level 6+,software,"Graduate routes into software metrology and engineering teams.","STEM degree preferred","GitHub portfolio; robotics/automation project","Highlight teamwork and manufacturing context interest"
OPP003,GLC003,Aerospace Manufacturing Apprentice,apprenticeship,Level 3-4,manufacturing,"Hands-on aerospace manufacturing and quality processes.","GCSEs Maths English Science; DT/Engineering preferred","Workshop skills; CAD; health & safety awareness","Be ready to discuss why aerospace / Gloucestershire"
OPP004,GLC004,Flight Controls Engineering Pathway,apprenticeship,Level 3-6,engineer_ops,"Engineering support for aerospace flight control products.","Maths Physics Engineering Level 3 or equivalent","Electronics kit; systems thinking examples","Show curiosity about how aircraft systems work"
OPP005,GLC006,Cyber Security Apprenticeship (cluster SMEs),apprenticeship,Level 3-4,cyber,"Entry cyber roles via Cheltenham cyber SME network.","IT/Computer Science helpful; attitude and learning agility key","TryHackMe/HackTheBox; home lab; CompTIA interest","Network via CyNam events; build a learning log"
OPP006,GLC007,Graduate Analyst / Engineer,graduate,Level 6+,analyst,"Intelligence and software roles supporting financial crime detection.","CS Data Cyber or related degree","Python project; data cleaning notebook; OSINT interest","Demonstrate ethics and attention to detail"
OPP007,GLC009,Agri-tech Internship,internship,any,research_lab,"Support startups in food farming and agri-tech innovation.","Agri environmental CS or business background useful","Farm tech idea; sustainability project; market research","Show interest in real-world farming problems"
OPP008,GLC010,Land-based / Equine / Sport Pathways,apprenticeship,Level 2-6,field_ops,"Practical and academic pathways into land-based industries.","Relevant Level 2/3 land-based or sport quals","Volunteering on farm/stable/sports coaching","Emphasise outdoor practical experience"
OPP009,GLC012,Healthcare Support Worker / Nursing Associate routes,apprenticeship,Level 2-5,care,"Patient-facing and clinical support careers in the NHS.","GCSEs; care certificate interest; values-based recruitment","Care volunteering; first aid; reflective journal","Prepare values examples (compassion teamwork)"
OPP010,GLC013,Local Government Apprenticeship / Graduate,apprenticeship,Level 3-6,admin,"Digital business environment and community roles in the council.","Varies by scheme; often Level 3+","Community project; digital skills; admin experience","Show commitment to public service locally"
OPP011,GLC015,Events / Marketing Internship,internship,any,events,"Support festival operations marketing and audience experience.","Any; creative communications or events interest","Event volunteering; social content samples","Seasonal peaks; flexibility valued"
OPP012,GLC017,Retail / Commercial / Design Pathways,school_leaver,Level 2-6,sales,"Store head office and design-adjacent opportunities.","Retail experience helpful","Personal brand project; merchandising ideas","Customer service stories land well"
OPP013,GLC018,Sustainability / Green Energy Roles,graduate,Level 6+,analyst,"Commercial and sustainability-focused roles in green energy.","Business environment STEM or related","Carbon footprint project; energy market research","Passion for climate solutions matters"
OPP014,GLC002,Mechanical / Manufacturing Apprentice,apprenticeship,Level 3-4,manufacturing,"Apprenticeships supporting industrial steam and thermal products.","Maths English; Engineering preferred","Workshop project; CAD basics","Ask about training centre and mentor support"
OPP015,GLC011,Food Science Technician / Graduate,graduate,Level 5-6,technician,"Lab and applied food science roles.","Science A-levels or food science degree","Lab report samples; food safety awareness","Highlight hygiene and precision"
OPP016,GLC014,Teacher Training (PGCE / QTS),graduate,Level 6-7,teaching_support,"Initial teacher training for primary or secondary — PGCE and school-led QTS routes with local placements.","Degree (or equivalent); GCSE English Maths (and Science for primary)","School volunteering or TA experience; short teaching activity","Apply via DfE Apply; prepare safeguarding and subject knowledge examples"
OPP017,GLC021,Teaching Assistant Apprenticeship,apprenticeship,Level 3,teaching_support,"Support teachers in class with learning behaviour and pupil wellbeing — common first step into teaching.","GCSEs English Maths; patience and communication","Youth work volunteering; literacy/numeracy tutoring; reflective journal","Show examples of helping learners; ask about SEND and progression to HLTA/QTS"
OPP018,GLC021,Early Years Educator Pathway,apprenticeship,Level 2-3,care,"Nursery and early years roles working with under-5s under the EYFS framework.","Interest in childcare; DBS readiness","Babysitting; playgroup volunteering; EYFS awareness notes","Emphasise care safeguarding and play-based learning"
OPP019,GLC022,Hotel Chef / Front of House Apprentice,apprenticeship,Level 2-3,ops,"Kitchen or guest-facing hotel roles with structured hospitality training.","GCSEs helpful; food hygiene interest for chef routes","Part-time cafe/kitchen work; allergen awareness","Ask about rotation across departments and supervisor progression"
OPP020,GLC023,Pub & Restaurant Hospitality Apprentice,apprenticeship,Level 2-3,customer_success,"Chef waiting bar or hospitality supervisor pathways in pubs and inns.","Customer service attitude; team working","Part-time hospitality shifts; food hygiene certificate","Highlight pace teamwork and weekend flexibility"
OPP021,GLC024,Cotswolds Hotel / Restaurant Apprentice,apprenticeship,Level 2-3,customer_success,"Independent hotel and restaurant apprenticeships in tourism-heavy Cotswold towns.","Any; passion for hospitality and local tourism","Customer service examples; seasonal event volunteering","Target Cirencester Cheltenham and Cotswold employers on Find an Apprenticeship"
OPP022,GLC025,Plumbing & Domestic Heating Apprentice,apprenticeship,Level 3,technician,"Install and maintain plumbing and heating systems; pathway to qualified plumber / heating engineer.","GCSEs Maths English helpful; practical hands-on attitude","DIY plumbing-safe projects; measuring tasks; workshop experience","Ask about gas pathway timing and college day-release"
OPP023,GLC027,Installation / Maintenance Electrician Apprentice,apprenticeship,Level 3,technician,"Electrotechnical apprenticeship toward qualified electrician status in domestic or commercial settings.","GCSEs Maths English; colour vision and practical aptitude","Wiring kit practice; D&T electronics; problem-solving examples","Confirm AM2 / end-point assessment support with the employer"
OPP024,GLC026,Bricklaying / Site Trade Apprentice,apprenticeship,Level 2-3,field_ops,"Housebuilding site apprenticeships such as bricklaying joinery or groundworks.","Practical outdoor work preference; Maths English helpful","D&T making; landscaping; construction taster days","Be ready for site starts PPE and weather; ask about trade choice"
OPP025,GLC025,Carpentry & Joinery Apprentice,apprenticeship,Level 2-3,technician,"Site carpenter or bench joiner routes with contractors and housebuilders.","Workshop or D&T experience valued","Woodwork portfolio photos; accurate measuring practice","Ask whether the role is site-based or workshop-based"
OPP026,GLC025,Scaffolding / Groundworks Apprentice,apprenticeship,Level 2,field_ops,"Outdoor construction support trades — scaffolding or groundworks with civils and housebuilders.","Fitness for outdoor physical work; teamwork","Any outdoor practical work examples","Discuss CSCS and progression to advanced craft or gang leader roles"
